subtopic,title,authors,url,abstract_takeaway
"Visual, Video, 3D, Audio, and Multimodal Generation",Beyond Pixel Context Windows: Neural World Simulators with Persistent 3D State,Samuel Garcin; Tom Walker; Steven McDonagh; Tim Pearce; Hakan Bilen; Tianyu He; Kaixin Wang; Jiang Bian,https://icml.cc/virtual/2026/poster/60565,spatial memory; context windows; pixel context; windows neural
"Visual, Video, 3D, Audio, and Multimodal Generation",Comp-Attn: Present-and-Align Attention for Compositional Video Genneration,Hongyu Zhang; Yufan Deng; Shenghai Yuan; Yian Zhao; Peng Jin; Xuehan Hou; Chang Liu; Jie Chen,https://icml.cc/virtual/2026/poster/66604,subject presence; multiple subjects; comp-attn present-and-align; present-and-align attention
"Visual, Video, 3D, Audio, and Multimodal Generation",DirectEdit: Step-Level Accurate Inversion for Flow-Based Image Editing,Desong Yang; Mang Ye,https://icml.cc/virtual/2026/poster/66686,image editing; inversion process; directedit step-level; step-level accurate
"Visual, Video, 3D, Audio, and Multimodal Generation",Distilling Geometry Priors for 3D-Consistent Video Generation,Hongyang Du; Hongyang Du; Xiaoyan Cong; Runhao Li; Jingcheng Ni; Aman Agarwal; Zeqi Zhou; Zekun Li; Randall Balestriero; Yue Wang,https://icml.cc/virtual/2026/poster/61696,distilling geometry; geometry priors; priors d-consistent; d-consistent video
"Visual, Video, 3D, Audio, and Multimodal Generation",Enhancing Train-Free Infinite-Frame Generation for Consistent Long Videos,xiaokun Feng; Jiashu Zhu; Meiqi Wu; Chubin Chen; Fangyuan Mao; Haiyang Guo; Jiahong Wu; Xiangxiang Chu; Kaiqi Huang,https://icml.cc/virtual/2026/poster/64244,long videos; enhancing train-free; train-free infinite-frame; infinite-frame consistent
"Visual, Video, 3D, Audio, and Multimodal Generation",GenExam: A Multidisciplinary Text-to-Image Exam,Zhaokai Wang; Penghao Yin; Xiangyu Zhao; Changyao Tian; Yu Qiao; Wenhai Wang; Jifeng Dai; Gen Luo,https://icml.cc/virtual/2026/poster/66716,understanding reasoning; multidisciplinary text-to-image; genexam multidisciplinary; text-to-image exam
"Visual, Video, 3D, Audio, and Multimodal Generation",ImmersePro: End-to-End Stereo Video Synthesis Via Implicit Disparity Learning,Jian Shi; Zhenyu Li; Peter Wonka,https://icml.cc/virtual/2026/poster/63467,textit immersepro; stereo videos; implicit disparity; stereo pairs
"Visual, Video, 3D, Audio, and Multimodal Generation",In-Context Generation with Regional Constraints for Instructional Video Editing,Zhongwei Zhang; Fuchen Long; Wei Li; Zhaofan Qiu; Wu Liu; Ting Yao; Tao Mei,https://icml.cc/virtual/2026/poster/63380,video editing; instructional video; regional constraints; editing regions
"Visual, Video, 3D, Audio, and Multimodal Generation",LUVE : Latent-Cascaded Ultra-High-Resolution Video Generation with Dual Frequency Experts,Chen Zhao; Jiawei Chen; Hongyu Li; Zhuoliang Kang; Shilin Lu; Xiaoming Wei; Kai Zhang; Jian Yang; Ying Tai,https://icml.cc/virtual/2026/poster/65212,dual frequency; uhr video; luve latent-cascaded; latent-cascaded ultra-high-resolution
"Visual, Video, 3D, Audio, and Multimodal Generation",OmniShow: Orchestrating Multimodal Conditions for Human-Object Interaction Video Generation,Donghao Zhou; Guisheng Liu; Hao Yang; Jiatong Li; Jingyu Lin; Xiaohu Huang; Yichen Liu; Xin Gao; Cunjian Chen; Shilei Wen; Chi Wing Fu; Pheng Ann Heng,https://icml.cc/virtual/2026/poster/61031,human-object interaction; interaction video; omnishow orchestrating; orchestrating multimodal
"Visual, Video, 3D, Audio, and Multimodal Generation",One-Step Residual Shifting Diffusion for Image Super-Resolution via Distillation,Daniil Selikhanovych; David Li; Aleksei Leonov; Nikita Gushchin; Sergei Kushneriuk; Alexander Filippov; Evgeny Burnaev; Iaroslav Koshelev; Aleksandr Korotin,https://icml.cc/virtual/2026/poster/66455,computational costs; perceptual quality; one-step residual; residual shifting
"Visual, Video, 3D, Audio, and Multimodal Generation",Personalized Image Generation via Human-in-the-loop Bayesian Optimization,Rajalaxmi Rajagopalan; Debottam Dutta; Yu-Lin Wei; Romit Roy Choudhury,https://icml.cc/virtual/2026/poster/61197,personalized image; bayesian optimization; closer ast; image human-in-the-loop
"Visual, Video, 3D, Audio, and Multimodal Generation",PhysForge: Generating Physics-Grounded 3D Assets for Interactive Virtual World,Yunhan Yang; Chunshi Wang; Junliang Ye; YANG LI; Zanxin Chen; Zehuan Huang; Yao Mu; Zhuo Chen; Chunchao Guo; Xihui Liu,https://icml.cc/virtual/2026/poster/65685,physics-grounded assets; interactive virtual; physforge generating; generating physics-grounded
"Visual, Video, 3D, Audio, and Multimodal Generation",PISCES: Annotation-free Text-to-Video Post-Training via Optimal Transport-Aligned Rewards,Minh-Quan Le; Gaurav Mittal; Cheng Zhao; Xianfeng GU; Samaras Dimitris; Mei Chen,https://icml.cc/virtual/2026/poster/60808,texttt pisces; pisces annotation-free; visual quality; quality temporal
"Visual, Video, 3D, Audio, and Multimodal Generation",Rethinking Video Generation Model for the Embodied World,Yufan Deng; Zilin Pan; Hongyu Zhang; Xiaojie Li; Huruoqing; Yufei Ding; Yiming Zou; Yan Zeng; Zhou Daquan,https://icml.cc/virtual/2026/poster/61543,physical realism; rethinking video; video embodied; embodied world
"Visual, Video, 3D, Audio, and Multimodal Generation",Rethinking Visual Intelligence: Insights from Video Pretraining,Pablo Acuaviva; Aram Davtyan; Mariam Hassan; Sebastian Stapf; Ahmad Rahimi; Alexandre Alahi; Paolo Favaro,https://icml.cc/virtual/2026/poster/63506,video pretraining; inductive biases; rethinking visual; visual intelligence
"Visual, Video, 3D, Audio, and Multimodal Generation",RevealLayer: Disentangling Hidden and Visible Layers via Occlusion-Aware Image Decomposition,Binhao Wang; Shihao Zhao; Bo Cheng; Qiuyu Ji; YuhangMa; Liebucha Wu; Shanyuan Liu; Dawei Leng; Yuhui Yin,https://icml.cc/virtual/2026/poster/61676,layer decomposition; hidden visible; visible layers; natural images
"Visual, Video, 3D, Audio, and Multimodal Generation",SAMT: Generating Structured Avatar Meshes and Textures from a Single Image,Muyu Wang; Xingping Dong; Jianzhe Gao; Wenguan Wang; Yujia Wang,https://icml.cc/virtual/2026/poster/61104,single image; texture synthesis; facial mesh; facial geometry
"Visual, Video, 3D, Audio, and Multimodal Generation",SemanticNVS: Improving Semantic Scene Understanding in Generative Novel View Synthesis,Xinya Chen; Christopher Wewer; Jiahao Xie; Xinting Hu; Jan Eric Lenssen,https://icml.cc/virtual/2026/poster/65727,novel view; view synthesis; pre-trained semantic; semantic feature
"Visual, Video, 3D, Audio, and Multimodal Generation",TransLight: Image-Guided Customized Lighting Control with Generative Decoupling,Zongming Li; Lianghui Zhu; Haocheng Shen; Longjin Ran; Wenyu Liu; Xinggang Wang,https://icml.cc/virtual/2026/poster/60533,light effects; effects reference; image content; customized lighting
"Visual, Video, 3D, Audio, and Multimodal Generation",Turbo4DGen: Ultra-Fast Acceleration for 4D Generation,Yuanbin Man; Ying Huang; Zhile Ren; Miao Yin,https://icml.cc/virtual/2026/poster/62276,turbo4dgen ultra-fast; ultra-fast acceleration; scm attention; acceleration dynamic
"Visual, Video, 3D, Audio, and Multimodal Generation",Unpaired Visual Editing with Self-Consistent Flow Matching,Yoad Tewel; Yuval Atzmon; Gal Chechik; Lior Wolf,https://icml.cc/virtual/2026/poster/66004,flow matching; video editing; unpaired visual; visual editing
"Visual, Video, 3D, Audio, and Multimodal Generation",VAnim: Rendering-Aware Sparse State Modeling for Structure-Preserving Vector Animation,Guotao Liang; Zhangcheng Wang; Chuang Wang; Juncheng Hu; Haitao Zhou; Junhua Liu; Jing Zhang; Dong Xu; Qian Yu,https://icml.cc/virtual/2026/poster/64100,sparse state; vector animation; discrete code; non-rigid deformations
"Visual, Video, 3D, Audio, and Multimodal Generation",VideoFlexTok: Flexible-Length Coarse-to-Fine Video Tokenization,Andrei Atanov; Jesse Allardice; Roman Bachmann; Oğuzhan Fatih Kar; R Devon Hjelm; David Griffiths; Peter Fu; Amir Zamir; Afshin Dehghan,https://icml.cc/virtual/2026/poster/64675,grid tokens; computational cost; videoflextok flexible-length; flexible-length coarse-to-fine
"Visual, Video, 3D, Audio, and Multimodal Generation",Visual Implicit Autoregressive Modeling,Pengfei Jiang; Jixiang Luo; Luxi Lin; Zhaohong Huang; Xuelong Li,https://icml.cc/virtual/2026/poster/63242,autoregressive modeling; per scale; visual implicit; implicit autoregressive
"Visual, Video, 3D, Audio, and Multimodal Generation",WISE: World Knowledge-Informed Semantic Evaluation for Text-to-Image Generation,Yuwei Niu; Munan Ning; Mengren Zheng; Weiyang Jin; Bin Lin; Peng Jin; Jiaqi Liao; Chaoran Feng; Fanqing Meng; Kun-Peng Ning; Bin Zhu; Li Yuan,https://icml.cc/virtual/2026/poster/62614,world knowledge-informed; knowledge-informed semantic; wise world; semantic text-to-image
"Diffusion, Flow, Score, Bridge, and Sampling Foundations",3D MeanFlow: One-Step Point Cloud Completion and Generation via Average-Velocity Transport,Haowen Zhong; Jiujun Cheng; Haowen Wang; Chao Wei; Lu Yang; Qichao Mao; Shangce Gao,https://icml.cc/virtual/2026/poster/65253,point cloud; cloud completion; average-velocity transport; transport point
"Diffusion, Flow, Score, Bridge, and Sampling Foundations",A Diffusive Classification Loss for Learning Energy-based Generative Models,RuiKang OuYang; Louis Grenioux; Jose Miguel Hernandez-Lobato,https://icml.cc/virtual/2026/poster/64038,diffusive classification; tasks such; classification loss; loss energy-based
"Diffusion, Flow, Score, Bridge, and Sampling Foundations",A Kinetic-Energy Perspective of Flow Matching,Ziyun Li; Huancheng Hu; Soon Hoe Lim; Xuyu Li; Fei Gao; Enmao Diao; ZEZHEN DING; Michalis Vazirgiannis; Henrik Boström,https://icml.cc/virtual/2026/poster/62806,flow matching; kinetic-energy perspective; perspective flow; matching flow-based
"Diffusion, Flow, Score, Bridge, and Sampling Foundations",A Time-Reparameterized Cumulative Intensity Extrapolation Sampler for Discrete Flow Matching,Feiyang Fu; Hehe Fan,https://icml.cc/virtual/2026/poster/64114,time-reparameterized cumulative; cumulative intensity; intensity extrapolation; discrete flow
"Diffusion, Flow, Score, Bridge, and Sampling Foundations",A Unifying View of Variational Generative Wasserstein Flows,Paul Caucheteux; Clément Bonet; Anna Korba,https://icml.cc/virtual/2026/poster/61240,wasserstein flows; wasserstein gradient; gradient flows; unifying view
"Diffusion, Flow, Score, Bridge, and Sampling Foundations",Adapting Noise to Data: Generative Flows from Learned 1D Processes,Jannis Chemseddine; Gregor Kornhardt; Richard Duong; Gabriele Steidl,https://icml.cc/virtual/2026/poster/60918,adapting noise; noise flows; flows learned; learned processes
"Diffusion, Flow, Score, Bridge, and Sampling Foundations",Advantage Weighted Matching: Aligning RL with Pretraining in Diffusion Models,Shuchen Xue; Chongjian GE; Shilong Zhang; Yichen Li; Zhi-Ming Ma,https://icml.cc/virtual/2026/poster/61737,advantage weighted; weighted matching; flow matching; matching aligning
"Diffusion, Flow, Score, Bridge, and Sampling Foundations",Adversarial Flow Models,Shanchuan Lin; Ceyuan Yang; Zhijie Lin; Hao Chen; Haoqi Fan,https://icml.cc/virtual/2026/poster/66487,adversarial flow; generator learns; flow present; present adversarial
"Diffusion, Flow, Score, Bridge, and Sampling Foundations",Ambient Dataloops: Generative Models for Dataset Refinement,Adrian Rodriguez-Munoz; William Daspit; Adam Klivans; Antonio Torralba; Constantinos Daskalakis; Giannis Daras,https://icml.cc/virtual/2026/poster/64608,ambient dataloops; dataloops dataset; dataset refinement; refinement ambient
"Diffusion, Flow, Score, Bridge, and Sampling Foundations",Analytic Bijections for Smooth and Interpretable Normalizing Flows,Mathis Gerdes; Miranda C. N. Cheng,https://icml.cc/virtual/2026/poster/65827,analytic bijections; normalizing flows; analytically invertible; coupling flows
"Diffusion, Flow, Score, Bridge, and Sampling Foundations",Beyond Generative Priors: Minority Sampling with JEPA-Guided Diffusion,Sol Park; Soobin Um,https://icml.cc/virtual/2026/poster/63949,jepa guidance; minority sampling; minority samples; priors minority
"Diffusion, Flow, Score, Bridge, and Sampling Foundations",Cascaded Flow Matching for Heterogeneous Tabular Data with Mixed-Type Features,Markus Mueller; Kathrin Gruber; Dennis Fok,https://icml.cc/virtual/2026/poster/61978,mixed-type features; flow matching; representation numerical; numerical features
"Diffusion, Flow, Score, Bridge, and Sampling Foundations",ContrastiveCFG: Guiding Diffusion Sampling by Contrasting Positive and Negative Concepts,Jinho Chang; Changsun Lee; Hyungjin Chung; Jong Chul YE,https://icml.cc/virtual/2026/poster/64031,condition contrastive; contrastive loss; contrastivecfg guiding; guiding sampling
"Diffusion, Flow, Score, Bridge, and Sampling Foundations",DetailMaster: Can Your Text-to-Image Model Handle Long Prompts?,Qirui Jiao; Daoyuan Chen; Yilun Huang; Xika Lin; Ying Shen; Yaliang Li,https://icml.cc/virtual/2026/poster/62789,long prompts; detailmaster your; your text-to-image; text-to-image handle
"Diffusion, Flow, Score, Bridge, and Sampling Foundations",Diffusion Models Preferentially Memorize Prototypical Examples or: Why Does My Diffusion Model Love Slop?,Marta Aparicio Rodriguez; Anastasia Borovykh; Grigorios A Pavliotis; Daniel Korchinski,https://icml.cc/virtual/2026/poster/63185,samples memorized; production rules; common substrings; preferentially memorize
"Diffusion, Flow, Score, Bridge, and Sampling Foundations",Efficient Generative Modeling beyond Memoryless Diffusion via Adjoint Schrödinger Bridge Matching,Jeongwoo Shin; Jinhwan Sul; Joonseok Lee; Jaewoong Choi; Jaemoo Choi,https://icml.cc/virtual/2026/poster/66713,schr dinger; adjoint schr; dinger matching; modeling memoryless
"Diffusion, Flow, Score, Bridge, and Sampling Foundations",Exploring and Exploiting Stability in Latent Flow Matching,Rania Briq; Michael Kamp; Ohad Fried; Sarel Cohen; Stefan Kesselheim,https://icml.cc/virtual/2026/poster/66512,flow matching; exploring exploiting; exploiting stability; stability latent
"Diffusion, Flow, Score, Bridge, and Sampling Foundations",FaPS: A General and Fast Training Method for Diffusion Models,Xianglu Wang; Bangxian Han; Hu Ding,https://icml.cc/virtual/2026/poster/66018,faps general; general fast; fast training; spectral bias
"Diffusion, Flow, Score, Bridge, and Sampling Foundations",GLAD: Bidirectional Structure-Attribute Alignment via Latent Graph Diffusion Models,Jiankai Zuo; Yu Zhang; Yang Zhang; Zihao Yao; YAYING ZHANG,https://icml.cc/virtual/2026/poster/61411,latent space; graph structure; bidirectional alignment; glad bidirectional
"Diffusion, Flow, Score, Bridge, and Sampling Foundations",IDLM: Inverse-distilled Diffusion Language Models,David Li; Nikita Gushchin; Dmitry Abulkhanov; Eric Moulines; Ivan Oseledets; Maxim Panov; Aleksandr Korotin,https://icml.cc/virtual/2026/poster/62959,inverse-distilled language; inverse distillation; idlm inverse-distilled; language language
"Diffusion, Flow, Score, Bridge, and Sampling Foundations",Improving Sampling for Masked Diffusion Models via Information Gain,Kaisen Yang; Jayden Teoh; Kaicheng Yang; Yitong Zhang; Alex Lamb,https://icml.cc/virtual/2026/poster/66694,information gain; cumulative uncertainty; info-gain sampler; creative writing
"Diffusion, Flow, Score, Bridge, and Sampling Foundations",Inference-Time Forward-Process Alignment in Diffusion Models,Shigui Li; Delu Zeng,https://icml.cc/virtual/2026/poster/63305,historical predictions; inference-time forward-process; forward-process alignment; alignment prevailing
"Diffusion, Flow, Score, Bridge, and Sampling Foundations",Infinite-dimensional generative diffusions via Doob's h-transform,Thorben Pieper-Sethmacher; Daniel Paulin,https://icml.cc/virtual/2026/poster/64877,doob h-transform; infinite-dimensional diffusions; diffusions doob; h-transform rigorous
"Diffusion, Flow, Score, Bridge, and Sampling Foundations",Information-Geometric Adaptive Sampling for Graph Diffusion,Yuhui Lu; Wenjing Liu; Kun Zhan,https://icml.cc/virtual/2026/poster/63421,information-geometric adaptive; adaptive sampling; sampling graph; graph standard
"Diffusion, Flow, Score, Bridge, and Sampling Foundations",Interpreting and Steering State-Space Models via Activation Subspace Bottlenecks,Vamshi Sunku Mohan; Kaustubh Gupta; Aneesha Das; Chandan Singh,https://icml.cc/virtual/2026/poster/64537,activation subspace; subspace bottlenecks; identified bottlenecks; interpreting steering
"Diffusion, Flow, Score, Bridge, and Sampling Foundations",Inverse Entropic Optimal Transport Solves Semi-supervised Learning via Data Likelihood Maximization,Mikhail Persiianov; Arip Asadulaev; Nikita Andreev; Nikita Starodubcev; Dmitry Baranchuk; Anastasis Kratsios; Evgeny Burnaev; Aleksandr Korotin,https://icml.cc/virtual/2026/poster/66746,sim star; inverse entropic; entropic optimal; optimal transport
"Diffusion, Flow, Score, Bridge, and Sampling Foundations",Is Your Diffusion Sampler Actually Correct? A Sampler-Centric Evaluation of Discrete Diffusion Language Models,Luhan Tang; Longxuan Yu; Shaorong Zhang; Greg Ver Steeg,https://icml.cc/virtual/2026/poster/61598,discrete language; sampler-induced error; your sampler; sampler actually
"Diffusion, Flow, Score, Bridge, and Sampling Foundations",Latent-Guided Cooperative Energy-Based Models,Cong Geng; Xue Han; Ye Yuan; Qiang Hu; Huang; Ruiqiao Bai; JUNLAN FENG,https://icml.cc/virtual/2026/poster/62638,latent-guided cooperative; cooperative energy-based; energy-based energy-based; energy-based ebms
"Diffusion, Flow, Score, Bridge, and Sampling Foundations",Mean Flow Distillation: Robust and Stable Distillation for Flow Matching Models,An Zhao; Shengyuan Zhang; Zhongjian Sun; Yixiang Zhou; Zejian Li; Ling Yang; Tianrun Chen; Lingyun Sun,https://icml.cc/virtual/2026/poster/62045,flow matching; mean flow; flow distillation; distillation robust
"Diffusion, Flow, Score, Bridge, and Sampling Foundations",Minibatch Optimal Transport and Perplexity Bound Estimation in Discrete Flow Matching,Etrit Haxholli; Yeti Z. Gurbuz; Oğul Can; Eli Waxman,https://icml.cc/virtual/2026/poster/65787,flow matching; minibatch optimal; optimal transport; discrete flow
"Diffusion, Flow, Score, Bridge, and Sampling Foundations",Mitigating the Contractivity Trap in Diffusion ODEs via Stein Stabilization,Shigui Li; Delu Zeng,https://icml.cc/virtual/2026/poster/60561,contractivity trap; large-step inference; mitigating contractivity; trap odes
"Diffusion, Flow, Score, Bridge, and Sampling Foundations",Multi-marginal temporal Schrödinger Bridge Matching from unpaired data,Thomas Gravier; Thomas Boyer; Auguste Genovesio,https://icml.cc/virtual/2026/poster/64603,schr dinger; dinger matching; multi-marginal temporal; temporal schr
"Diffusion, Flow, Score, Bridge, and Sampling Foundations",On the Anisotropy of Score-Based Generative Models,Andreas Floros; Seyed-Mohsen Moosavi-Dezfooli; Pier Luigi Dragotti,https://icml.cc/virtual/2026/poster/61509,anisotropy score-based; score-based investigate; investigate role; role network
"Diffusion, Flow, Score, Bridge, and Sampling Foundations",On the Collapse of Generative Paths: A Criterion and Correction for Diffusion Steering,Ziseok Lee; Minyeong Hwang; Sanghyun Jo; Wooyeol Lee; Jihyung Ko; Young Bin Park; Jae-Mun Choi; Eunho Yang; Kyungsu Kim,https://icml.cc/virtual/2026/poster/62637,collapse paths; paths criterion; criterion correction; correction steering
"Diffusion, Flow, Score, Bridge, and Sampling Foundations",Optimizing Diversity and Quality through Base-Aligned Model Collaboration,Yichen Wang; Chenghao Yang; Tenghao Huang; Muhao Chen; Jonathan May; Mina Lee,https://icml.cc/virtual/2026/poster/63226,diversity quality; base-aligned collaboration; open-ended tasks; routing strategies
"Diffusion, Flow, Score, Bridge, and Sampling Foundations",Particle-Guided Diffusion Models for Partial Differential Equations,Andrew Millard; Fredrik Lindsten; Zheng Zhao,https://icml.cc/virtual/2026/poster/61116,partial differential; pde systems; particle-guided partial; differential equations
"Diffusion, Flow, Score, Bridge, and Sampling Foundations",Proximal-Based Generative Modeling for Bayesian Inverse Problems,Boyang Zhang; Zhiguo Wang; Ya-Feng Liu,https://icml.cc/virtual/2026/poster/63167,proximal-based modeling; inverse problems; moreau score; proximal operators
"Diffusion, Flow, Score, Bridge, and Sampling Foundations",Q-Tab: Quantized Tabular Data Generator,Julian Wustl; Philipp Haid; Yarema Okhrin; Claudius Schnörr,https://icml.cc/virtual/2026/poster/60497,tabular generator; q-tab quantized; quantized tabular; generator codebook-based
"Diffusion, Flow, Score, Bridge, and Sampling Foundations",Random Process Flow Matching: Generative Implicit Representations of Multivariate Random Fields,Julien Lalanne; David Picard; Lionel Boillot; Lina-María GUAYACÁN-CARRILLO; Leon Barens; Jean-Michel Pereira,https://icml.cc/virtual/2026/poster/61661,random process; process flow; flow matching; matching implicit
"Diffusion, Flow, Score, Bridge, and Sampling Foundations",RePack then Refine: Efficient Diffusion Transformers with Vision Foundation Models,Guanfang Dong; Luke Schultz; Negar Hassanpour; Chao Gao,https://icml.cc/virtual/2026/poster/64541,vfm features; repack then; then refine; vision foundation
"Diffusion, Flow, Score, Bridge, and Sampling Foundations",Rex: A Family of Reversible Exponential (Stochastic) Runge-Kutta Solvers,Zander Blasingame; Chen Liu,https://icml.cc/virtual/2026/poster/66025,stochastic runge-kutta; family reversible; reversible exponential; exponential stochastic
"Diffusion, Flow, Score, Bridge, and Sampling Foundations",Riemannian MeanFlow for One-Step Generation on Manifolds,Zichen Zhong; Haoliang Sun; Yukun Zhao; Yongshun Gong; Yilong Yin,https://icml.cc/virtual/2026/poster/65439,riemannian meanflow; meanflow one-step; one-step manifolds; manifolds flow
"Diffusion, Flow, Score, Bridge, and Sampling Foundations",SE(n)-Invariant Flow Matching: A General Framework with Application to Object Reassembly,Gaël Heck; Sylvie Le Hégarat-Mascle; Nicolas Lermé,https://icml.cc/virtual/2026/poster/65248,flow matching; mathcal mathrm; invariant flow; matching general
"Diffusion, Flow, Score, Bridge, and Sampling Foundations",Self-Refining Video Sampling,Sangwon Jang; Taekyung Ki; Jaehyeong Jo; Saining Xie; Jaehong Yoon; Sung Ju Hwang,https://icml.cc/virtual/2026/poster/61169,self-refining video; video sampling; additional training; sampling modern
"Diffusion, Flow, Score, Bridge, and Sampling Foundations",Self-Supervised Flow Matching for Scalable Multi-Modal Synthesis,Hila Chefer; Patrick Esser; Dominik Lorenz; Dustin Podell; Vikash Raja; Vinh Tong; Antonio Torralba; Robin Rombach,https://icml.cc/virtual/2026/poster/65011,self-supervised flow; flow matching; semantic representations; matching scalable
"Diffusion, Flow, Score, Bridge, and Sampling Foundations",Sparse Autoencoders are Topic Models,Leander Girrbach; Zeynep Akata,https://icml.cc/virtual/2026/poster/62444,sparse autoencoders; image datasets; autoencoders topic; topic sparse
"Diffusion, Flow, Score, Bridge, and Sampling Foundations",Spatiotemporal Imputation with Graph-Informed Flow Matching,Zepeng Zhang; Aref Einizade; Jhony H. Giraldo; Olga Fink,https://icml.cc/virtual/2026/poster/65534,spatiotemporal imputation; graph-informed flow; flow matching; imputation graph-informed
"Diffusion, Flow, Score, Bridge, and Sampling Foundations",Stable Velocity: A Variance Perspective on Flow Matching,Donglin Yang; Yongxing Zhang; Xin Yu; Liang Hou; Xin Tao; Pengfei Wan; XIAOJUAN QI; Renjie Liao,https://icml.cc/virtual/2026/poster/66609,stable velocity; low-variance regime; flow matching; regime near
"Diffusion, Flow, Score, Bridge, and Sampling Foundations",TAG: Tangential Amplifying Guidance for Hallucination-Resistant Sampling,Hyunmin Cho; Donghoon Ahn; Susung Hong; Jee Eun Kim; Seungryong Kim; Kyong Hwan Jin,https://icml.cc/virtual/2026/poster/66671,tag tangential; tangential amplifying; amplifying guidance; guidance hallucination-resistant
"Diffusion, Flow, Score, Bridge, and Sampling Foundations",Tail Annealing for Heavy-Tailed Flow Matching,Jean Pachebat,https://icml.cc/virtual/2026/poster/60665,tail annealing; flow matching; annealing heavy-tailed; heavy-tailed flow
"Diffusion, Flow, Score, Bridge, and Sampling Foundations",The Velocity Deficit: Initial Energy Injection for Flow Matching,Linze Li; Zong-Wei Hong; Shen Zhang; Bo Lin; Jinglun Li; Yao Tang; Jiajun Liang,https://icml.cc/virtual/2026/poster/62758,flow matching; velocity deficit; initial energy; energy injection
"Diffusion, Flow, Score, Bridge, and Sampling Foundations",Toward Identifiable Sparse Autoencoders,Walter Nelson; Theofanis Karaletsos; Francesco Locatello,https://icml.cc/virtual/2026/poster/61815,sparse autoencoders; sparse codes; toward identifiable; identifiable sparse
"Diffusion, Flow, Score, Bridge, and Sampling Foundations",Training-Free Adaptation of Diffusion Models via Doob's $h$-Transform,Qijie Zhu; Zeqi Ye; Han Liu; Zhaoran Wang; Minshuo Chen,https://icml.cc/virtual/2026/poster/66226,doob transform; training-free adaptation; adaptation doob; transform adaptation
"Diffusion, Flow, Score, Bridge, and Sampling Foundations",VectorWorld: Efficient Streaming World Model via Diffusion Flow on Vector Graphs,Chaokang Jiang; Desen Zhou; Jiuming Liu; Li Sun,https://icml.cc/virtual/2026/poster/60617,vectorworld streaming; streaming world; world flow; flow vector
"Diffusion, Flow, Score, Bridge, and Sampling Foundations",Watch Your Step: Information Injection in Diffusion Models via Shadow Timestep Embedding,AN HUANG; Junggab Son; Zuobin Xiong,https://icml.cc/virtual/2026/poster/63041,timestep embedding; information injection; shadow timestep; watch your
"Diffusion, Flow, Score, Bridge, and Sampling Foundations",When Sample Selection Bias Precipitates Model Collapse,Xinbao Qiao; Xianglong Du; Wei Liu; Jingqi Zhang; Peihua Mai; Meng Zhang; Yan (James) Pang,https://icml.cc/virtual/2026/poster/65263,multiple parties; when sample; sample selection; selection bias
"Diffusion, Flow, Score, Bridge, and Sampling Foundations",Where Rectified Flows Leak: Characterizing Membership Signals Along the Interpolation Path,Thomas Sesmat; Gabriel Meseguer-Brocal; Geoffroy Peeters,https://icml.cc/virtual/2026/poster/63762,rectified flows; interpolation path; lambda lambda; where rectified
"Guidance, Control, Constraints, Inverse Problems, and Bayesian Generation",Alignment-Guided Score Matching for Text-to-Image Alignment in Diffusion Models,Jaa-Yeon Lee; Yeobin Hong; Taesung Kwon; Jong Chul YE,https://icml.cc/virtual/2026/poster/60920,post-training methods; failure cases; alignment-guided score; score matching
"Guidance, Control, Constraints, Inverse Problems, and Bayesian Generation",Calibrated Test-Time Guidance for Bayesian Inference,Daniel Geyfman; Felix Draxler; Jan Groeneveld; Hyunsoo Lee; Theofanis Karaletsos; Stephan Mandt,https://icml.cc/virtual/2026/poster/64440,test-time guidance; bayesian inference; bayesian posterior; calibrated test-time
"Guidance, Control, Constraints, Inverse Problems, and Bayesian Generation",Calibrating Generative Models to Distributional Constraints,Henry Smith; Nathaniel Diamant; Brian Trippe,https://icml.cc/virtual/2026/poster/66188,loss which; calibrating distributional; distributional constraints; constraints frequently
"Guidance, Control, Constraints, Inverse Problems, and Bayesian Generation",Conflict-Aware Additive Guidance for  Flow Models under Compositional Rewards,Xuehui Yu; Fucheng Cai; Meiyi Wang; Xiaopeng Fan; Harold Soh,https://icml.cc/virtual/2026/poster/65470,off-manifold drift; text car; conflict-aware additive; additive guidance
"Guidance, Control, Constraints, Inverse Problems, and Bayesian Generation",Efficient Diffusion Models under Nonconvex Equality and Inequality constraints via Landing,Kijung Jeon; Michael Muehlebach; Molei Tao,https://icml.cc/virtual/2026/poster/66143,equality inequality; inequality constraints; nonconvex feasible; feasible sets
"Guidance, Control, Constraints, Inverse Problems, and Bayesian Generation",Geometry-Correct Diffusion Posterior Sampling with Denoiser-Pullback Curvature Guidance and Manifold-Aligned Damping,Seunghyeok Shin; Minwoo Kim; Dabin Kim; Hongki Lim,https://icml.cc/virtual/2026/poster/60728,posterior sampling; psnr ssim; compared baselines; geometry-correct posterior
"Guidance, Control, Constraints, Inverse Problems, and Bayesian Generation",Improving Classifier-Free Guidance of Flow Matching via Manifold Projection,Jian-Feng Cai; Haixia Liu; Zhengyi Su; Chao Wang,https://icml.cc/virtual/2026/poster/64946,classifier-free guidance; flow matching; manifold projection; guidance scale
"Guidance, Control, Constraints, Inverse Problems, and Bayesian Generation","Latent Diffusion Controller: Framework, Algorithms and Parameterization",Tong Yang; Moonkyung Ryu; Chih-wei Hsu; Guy Tennenholtz; Yuejie Chi; Craig Boutilier; Bo Dai,https://icml.cc/virtual/2026/poster/64970,latent controller; controller algorithms; algorithms parameterization; parameterization controllable
"Guidance, Control, Constraints, Inverse Problems, and Bayesian Generation",Measurement-Consistent Langevin Corrector for Stabilizing Latent Diffusion Inverse Problem Solvers,Hyoseok Lee; Sohwi Lim; Eunju Cha; Tae-Hyun Oh,https://icml.cc/virtual/2026/poster/64182,measurement-consistent langevin; langevin corrector; inverse solvers; latent space
"Guidance, Control, Constraints, Inverse Problems, and Bayesian Generation",Multi-Objective Protein Design via Memory-Aware Test-Time Scaling in Diffusion Models,Ming Yang; Xin Zheng; Yi Li; YIZHEN ZHENG; Huan Yee Koh; Yanqing Guo; Xiaofeng Cao; Shirui Pan,https://icml.cc/virtual/2026/poster/65578,multi-objective protein; test-time scaling; protein memory-aware; memory-aware test-time
"Guidance, Control, Constraints, Inverse Problems, and Bayesian Generation",PolyFlow: Safe and Efficient Polytope-Constrained Flow Matching with Constraint Embedding and Projection-free Update,Jianming Ma; Qiyue Yang; Yang Zhang; Liyun Yan; Zhanxiang Cao; Yazhou Zhang; Yue Gao,https://icml.cc/virtual/2026/poster/64344,polytope-constrained flow; flow matching; polyflow safe; safe polytope-constrained
"Guidance, Control, Constraints, Inverse Problems, and Bayesian Generation",Spectral Guidance for Flexible and Efficient Control of Diffusion Models,Gabriel Moreira; Manuel Marques; Joao Costeira; Chenyan Xiong,https://icml.cc/virtual/2026/poster/60951,spectral guidance; guidance flexible; flexible control; control introduce
"Guidance, Control, Constraints, Inverse Problems, and Bayesian Generation",Stein Diffusion Guidance: Training-Free Posterior Correction for Sampling Beyond High-Density Regions,Van Khoa NGUYEN; Lionel Blondé; Alexandros Kalousis,https://icml.cc/virtual/2026/poster/64586,stein guidance; training-free guidance; low-density regions; posterior sampling
"Guidance, Control, Constraints, Inverse Problems, and Bayesian Generation",Test-Time Anchoring for Discrete Diffusion Posterior Sampling,Litu Rout; Andreas Lugmayr; Yasamin Jafarian; Srivatsan Varadharajan; Constantine Caramanis; Sanjay Shakkottai; Ira Kemelmacher-Shlizerman,https://icml.cc/virtual/2026/poster/61295,posterior sampling; test-time anchoring; anchoring discrete; discrete posterior
"Guidance, Control, Constraints, Inverse Problems, and Bayesian Generation",Test-Time Reinforcement Learning for Flow Matching,Jili Chen; Changqin Huang; Qionghao Huang; Yaxin Tu; Zhonglong Zheng; Xiaodi Huang,https://icml.cc/virtual/2026/poster/63456,test-time reinforcement; alignment human; reinforcement flow; flow matching
"Guidance, Control, Constraints, Inverse Problems, and Bayesian Generation",Triadic Dynamics Aware Diffusion Posterior Sampling for Inverse Problems: Optimizing Guidance and Stochasticity Schedules,Junseo Bang; Dong Ju Mun; Hoigi Seo; Seongmin Hong; Se Young Chun,https://icml.cc/virtual/2026/poster/64566,posterior sampling; inverse problems; triadic dynamics; dynamics aware
"Efficiency, Distillation, Acceleration, and Deployment",AAD-1: Asymmetric Adversarial Distillation for One-Step Autoregressive Video Generation,Haobo Li; Yanhong Zeng; Yunhong Lu; Jiapeng Zhu; Hao Ouyang; Qiuyu Wang; Ka Leong Cheng; Yujun Shen; Zhipeng Zhang,https://icml.cc/virtual/2026/poster/60859,adversarial distillation; one-step autoregressive; autoregressive video; motion collapse
"Efficiency, Distillation, Acceleration, and Deployment",Causal Forcing: Autoregressive Diffusion Distillation Done Right for High-Quality Real-Time Video Generation,Hongzhou Zhu; Min Zhao; Guande He; Hang Su; Chongxuan Li; Jun Zhu,https://icml.cc/virtual/2026/poster/65646,causal forcing; real-time video; architectural gap; frame-level injectivity
"Efficiency, Distillation, Acceleration, and Deployment",DIVER: Diving Deeper into Distilled Data via Expressive Semantic Recovery,Qianxin Xia; Zhiyong Shu; Wenbo Jiang; Jiawei Du; Jielei Wang; Guoming Lu,https://icml.cc/virtual/2026/poster/64267,semantic inheritance; semantic guidance; diver diving; diving deeper
"Efficiency, Distillation, Acceleration, and Deployment",FasterVAR: Plug-and-Play Acceleration for Visual Autoregressive Models,Senmao Li; Kai Wang; Salman Khan; Fahad Khan; jian Yang; Yaxing Wang,https://icml.cc/virtual/2026/poster/65589,visual autoregressive; fastervar plug-and-play; plug-and-play acceleration; large-scale steps
"Efficiency, Distillation, Acceleration, and Deployment",Flash-VAED: Plug-and-Play VAE Decoders for Efficient Video Generation,Lunjie Zhu; Yushi Huang; Xingtong Ge; Yufei Xue; Zhening Liu; Yumeng Zhang; Zehong Lin; Jun Zhang,https://icml.cc/virtual/2026/poster/64277,vae decoders; while maintaining; flash-vaed plug-and-play; plug-and-play vae
"Efficiency, Distillation, Acceleration, and Deployment",Infinite Mask Diffusion for Few-Step Distillation,Jaehoon Yoo; Wonjung Kim; Chanhyuk Lee; Seunghoon Hong,https://icml.cc/virtual/2026/poster/62932,few-step distillation; due factorization; factorization error; distillation methods
"Efficiency, Distillation, Acceleration, and Deployment",Motion-Aware Caching for Efficient Autoregressive Video Generation,Jing Xu; Yuexiao Ma; Songwei Liu; Xuzhe Zheng; Shiwei Liu; Chenqian Yan; Xiawu Zheng; Rongrong Ji; Fei Chao; WANG,https://icml.cc/virtual/2026/poster/64709,autoregressive video; cache reuse; denoising steps; textbf times
"Efficiency, Distillation, Acceleration, and Deployment",ProtoVAR: Efficient Dataset Distillation via Prototype-Guided Visual Autoregressive Modeling,Mingyu Wang; Wei Jiang,https://icml.cc/virtual/2026/poster/66235,visual autoregressive; prototype-guided visual; protovar dataset; dataset distillation
"Efficiency, Distillation, Acceleration, and Deployment",Restoring Initial Noise Sensitivity in Text-to-Image Distillation through Geometric Alignment,huayang Huang; Ruoyu Wang; Jinhui Zhao; Wei Deng; Daiguo Zhou; Jian Luan; Yu Wu; Ye Zhu,https://icml.cc/virtual/2026/poster/62743,initial noise; restoring initial; noise sensitivity; sensitivity text-to-image
"Efficiency, Distillation, Acceleration, and Deployment",RT-Lynx: Putting the GEMM Sparsity In a Right Way for Diffusion Models,Xing Cong; Hanlin Tang; Kan Liu; Lan Tao; Lin Qu; chenhao xie,https://icml.cc/virtual/2026/poster/60642,weight sparsification; rt-lynx putting; putting gemm; gemm sparsity
"Efficiency, Distillation, Acceleration, and Deployment",Skipping the Zeros in Diffusion Models for Sparse Data Generation,Phil Sidney Ostheimer; Mayank Kumar Nagda; Andriy Balinskyy; Gabriel Rodrigues; Jean Radig; Carl Herrmann; Stephan Mandt; Marius Kloft; Sophie Fellenz,https://icml.cc/virtual/2026/poster/65202,skipping zeros; zeros sparse; sparse dms; dms excel
"Efficiency, Distillation, Acceleration, and Deployment",Trajectory-Aware Spiking DiTs Conversion via Membrane Potential Error-Feedback,Haoran Fang; Jinjie Fang; Tianxing Man; Wanli Shi; Xingchen Li; Bin Gu,https://icml.cc/virtual/2026/poster/61672,membrane potential; potential error-feedback; energy efficiency; spiking neurons
"Discrete, Autoregressive, and Language Generation",Any-Order GPT as Masked Diffusion Model: Decoupling Formulation and Architecture,Shuchen Xue; Tianyu Xie; Tianyang Hu; Zijin Feng; Jiacheng Sun; Kenji Kawaguchi; Zhenguo Li; Zhi-Ming Ma,https://icml.cc/virtual/2026/poster/61245,any-order gpt; gpt masked; masked decoupling; decoupling formulation
"Discrete, Autoregressive, and Language Generation",Autoregression with Self-Token Prediction,Dengsheng Chen; Yangming Shi; Enhua Wu,https://icml.cc/virtual/2026/poster/64654,self-token prediction; autoregression self-token; prediction conventional; conventional autoregressive
"Discrete, Autoregressive, and Language Generation",Best of Both Worlds: Multimodal Reasoning and Generation via Unified Discrete Flow Matching,Onkar Susladkar; Tushar Prakash; Gayatri Deshmukh; Kiet Nguyen; Jiaxun Zhang; Adheesh Juvekar; Tianshu Bao; Lin Chai; Sparsh Mittal; Inderjit Dhillon; Ismini Lourentzou,https://icml.cc/virtual/2026/poster/62331,unified discrete; best worlds; worlds multimodal; multimodal reasoning
"Discrete, Autoregressive, and Language Generation",d3LLM: Ultra-Fast Diffusion LLM using Pseudo-Trajectory Distillation,Yu-Yang Qian; Junda Su; Lanxiang Hu; Peiyuan Zhang; Zhijie Deng; Peng Zhao; Hao Zhang,https://icml.cc/virtual/2026/poster/61269,pseudo-trajectory distillation; large language; accuracy parallelism; parallelism during
"Discrete, Autoregressive, and Language Generation",Demystifying MaskGIT Sampler and Beyond: Adaptive Order Selection in Masked Diffusion,Satoshi Hayakawa; Yuhta Takida; Masaaki Imaizumi; Hiromi Wakaki; Yuki Mitsufuji,https://icml.cc/virtual/2026/poster/68828,index selection; token sampling; maskgit sampler; temperature sampling
"Discrete, Autoregressive, and Language Generation",Dependency-Aware Parallel Decoding via Attention for Diffusion LLMs,Bumjun Kim; Dongjae Jeon; Moongyu Jeon; Albert No,https://icml.cc/virtual/2026/poster/64624,parallel decoding; dependency-aware parallel; decoding attention; attention llms
"Discrete, Autoregressive, and Language Generation",Enhancing Reasoning for Diffusion LLMs via Distribution Matching Policy Optimization,Yuchen Zhu; Wei Guo; Jaemoo Choi; Petr Molodyk; Bo Yuan; Molei Tao; Yongxin Chen,https://icml.cc/virtual/2026/poster/66806,distribution matching; matching policy; policy optimization; large language
"Discrete, Autoregressive, and Language Generation",Fine-Tuning Masked Diffusion for Provable Self-Correction,Jaeyeon Kim; Seunggeun Kim; Taekyun Lee; David Pan; Hyeji Kim; Sham Kakade; Sitan Chen,https://icml.cc/virtual/2026/poster/66597,low-quality tokens; quality scores; fine-tuning masked; masked provable
"Discrete, Autoregressive, and Language Generation",Locally Coherent Parallel Decoding in Diffusion Language Models,Michael Hersche; Nicolas Menet; Ronan Tanios; Abbas Rahimi,https://icml.cc/virtual/2026/poster/62309,sub-linear latency; locally coherent; coherent parallel; parallel decoding
"Discrete, Autoregressive, and Language Generation",Multimodal Latent Language Modeling with Next-Token Diffusion,Yutao Sun; Hangbo Bao; Wenhui Wang; Zhiliang Peng; Li Dong; Shaohan Huang; Yaoyao Chang; Jianyong Wang; Furu Wei,https://icml.cc/virtual/2026/poster/64225,latent language; language modeling; multimodal latent; modeling next-token
"Discrete, Autoregressive, and Language Generation",Quantifying Temperature Scaling in Discrete Sequence (Language) Models,Hannah Scheufele; Peter Blohm; Vikas Garg,https://icml.cc/virtual/2026/poster/62981,temperature scaling; under unmasking; unmasking orders; quantifying temperature
"Discrete, Autoregressive, and Language Generation",Reasoning on the Manifold: Bidirectional Consistency for Self-Verification in Diffusion Language Models,Jiaoyang Ruan; Xin Gao; Yinda Chen; Hengyu Zeng; Liang Du; Guanghao Li; Jie Fu; Jian Pu,https://icml.cc/virtual/2026/poster/65552,reasoning manifold; manifold bidirectional; bidirectional consistency; consistency self-verification
"Discrete, Autoregressive, and Language Generation",ScalingAR: Scaling Confidence for Autoregressive Image Generation,Harold Haodong Chen; Xianfeng Wu; Wenjie Shu; Rongjin Guo; Disen Lan; Harry Yang; YINGCONG CHEN,https://icml.cc/virtual/2026/poster/64848,autoregressive image; test-time scaling; ntp-based image; scalingar scaling
"Discrete, Autoregressive, and Language Generation",SJD-SV: Speculative Jacobi Decoding with Semantics Verification for Autoregressive Image Generation,Baoquan Zhang; Bingqi Shan; Shihao Fang; Kenghong Lin; Xutao Li; Yunming Ye,https://icml.cc/virtual/2026/poster/65268,speculative jacobi; jacobi decoding; autoregressive image; decoding semantics
"Latent Variables, Autoencoders, and Representation Learning",Boost the Identity-Preserving Embedding for Consistent Visual Generation,Zixun Xia; Shuyu Guo; Boqian Li; jian Yang; Kai Wang; Yaxing Wang,https://icml.cc/virtual/2026/poster/61511,boost identity-preserving; identity-preserving embedding; frame prompts; embedding consistent
"Latent Variables, Autoencoders, and Representation Learning",Boosting Video Diffusion Models via Masked Autoencoders as Tokenizers,Zhan Tong; Tinne Tuytelaars,https://icml.cc/virtual/2026/poster/61035,masked autoencoders; tokenizers trained; boosting video; video masked
"Latent Variables, Autoencoders, and Representation Learning",Concept-Guided Tokenization: Closing the Gap Between Reconstruction and Generation,Yunqiao Yang; Haokun Lin; Guanzhong Wu; Ying Wei,https://icml.cc/virtual/2026/poster/60979,latent representations; low-level visual; concept-guided tokenization; tokenization closing
"Latent Variables, Autoencoders, and Representation Learning",Contrastive Diffusion Alignment: Learning Structured Latents for Controllable Generation,Ruchi Sandilya; Sumaira Perez; Charles Lynch; Lindsay Victoria; Benjamin Zebley; Derrick Buchanan; Mahendra Bhati; Nolan Williams; Timothy Spellman; FAITH GUNNING; Conor Liston; Logan Grosenick,https://icml.cc/virtual/2026/poster/61657,contrastive alignment; geometry layer; alignment structured; structured latents
"Latent Variables, Autoencoders, and Representation Learning",Equivariant Latent Alignment via Flow Matching under Group Symmetries,Sunghyun Kim; Jaehoon Hahm; Jeongwoo Shin; Joonseok Lee,https://icml.cc/virtual/2026/poster/62419,novel view; view synthesis; latent misalignment; equivariant latent
"Latent Variables, Autoencoders, and Representation Learning",FunPhase: A Periodic Functional Autoencoder for Motion Generation via Phase Manifolds,Marco Pegoraro; Evan Atherton; Bruno Roy; Aliasghar Khani; Arianna Rampini,https://icml.cc/virtual/2026/poster/64035,motion phase; phase manifolds; motion prediction; periodic autoencoder
"Latent Variables, Autoencoders, and Representation Learning",Hölder++: Improving Quality-Coherence Trade-off in Multimodal VAEs,Huyen Vo; María Martínez-García; Isabel Valera,https://icml.cc/virtual/2026/poster/64637,quality-coherence trade-off; multimodal vaes; lder pooling; improves quality-coherence
"Latent Variables, Autoencoders, and Representation Learning",Information-Theoretic Disentangled Latent Modeling with Conditional Diffusion for Incomplete Multi-View Clustering,Wenlan Chen; Lu Gao; Daoyuan Wang; Cheng Liang; Fei Guo,https://icml.cc/virtual/2026/poster/63485,incomplete multi-view; multi-view clustering; view-specific factors; disentangled latent
"Latent Variables, Autoencoders, and Representation Learning",Learning Coupled Continuous-Time Latent Dynamics from Irregular Events,Jiankai Zuo; Yang Zhang; Yu Zhang; Jiarui Liang; YAYING ZHANG,https://icml.cc/virtual/2026/poster/65023,continuous-time latent; latent dynamics; coupled continuous-time; dynamics irregular
"Latent Variables, Autoencoders, and Representation Learning",PADS-TAL: Padding-Annealed Diffusion Sampling in Text-Aware Latent Space for Robust and Diverse Text-to-Music Generation,Taekoan Yoo; Wonkyung Jung; Kyunghun Kim; Kyeongbo Kong,https://icml.cc/virtual/2026/poster/62907,latent space; padding-annealed sampling; text-aware latent; text alignment
"Latent Variables, Autoencoders, and Representation Learning",Phase-Type Variational Autoencoders for Heavy-Tailed Data,Abdelhakim Ziani; Andras Horvath; Paolo Ballarini,https://icml.cc/virtual/2026/poster/64160,tail behavior; phase-type variational; variational autoencoders; autoencoders heavy-tailed
"Latent Variables, Autoencoders, and Representation Learning",PointDiT: Pixel-Space Diffusion for Monocular Geometry Estimation,Haofei Xu; Rundi Wu; Philipp Henzler; Nikolai Kalischek; Michael Oechsle; Fabian Manhardt; Marc Pollefeys; Andreas Geiger; Federico Tombari; Michael Niemeyer,https://icml.cc/virtual/2026/poster/62351,point map; pointdit pixel-space; pixel-space monocular; monocular geometry
"Latent Variables, Autoencoders, and Representation Learning",Quantum latent distributions in deep generative models,Omar Bacarreza; Thorin Farnsworth; Alexander Makarovskiy; Hugo Wallner; Tessa Hicks; Santiago Sempere-Llagostera; John Price; Robert Francis-Jones; William Clements,https://icml.cc/virtual/2026/poster/65043,quantum processors; quantum latent; produced quantum; lead improved
"Latent Variables, Autoencoders, and Representation Learning","Show, Don't Tell: Morphing Latent Reasoning into Image Generation",Harold Haodong Chen; Xinxiang Yin; Wenjie Shu; Hongfei (Faye) Zhang; Zixin Zhang; Chenfei Liao; Litao Guo; Qifeng Chen; YINGCONG CHEN,https://icml.cc/virtual/2026/poster/61452,latent reasoning; don tell; tell morphing; morphing latent
"Latent Variables, Autoencoders, and Representation Learning",SSR-Merge: Subspace Signal Routing for Training-Free LoRA Merging in Diffusion Models,Zhengxuan Wei; Yi Dong; Zonghui Li; Xianhui Lin; Xing Liu; Hong Gu; Shaofeng Zhang; Wenbin Li; Qi Fan,https://icml.cc/virtual/2026/poster/62664,lora merging; subspace signal; signal routing; ssr-merge subspace
"Latent Variables, Autoencoders, and Representation Learning",STAR-VAE: Structured Topology-Aware Regularization for Audio Reconstruction and Generation,Huadai Liu; Wen Wang; Kaicheng Luo; Qian Chen; Xiangang Li; Wei Xue,https://icml.cc/virtual/2026/poster/63959,latent space; achieving state-of-the-art; star-vae structured; structured topology-aware
"Latent Variables, Autoencoders, and Representation Learning",The Latent Color Subspace: Emergent Order in High-Dimensional Chaos,Mateusz Pach; Jessica Bader; Quentin Bouniot; Serge Belongie; Zeynep Akata,https://icml.cc/virtual/2026/poster/62801,latent color; color subspace; subspace emergent; emergent order
"Latent Variables, Autoencoders, and Representation Learning",Twins: Learn to Predict Unified Representations with Focal Loss,Kaixiong Gong; Xin Cai; Bin Lin; Hao Wang; Yunlong Lin; Mingzhe Zheng; Bohao Li; Jian-Wei Zhang; Miles Yang; Zhao Zhong; Liefeng Bo; Xiangyu Yue,https://icml.cc/virtual/2026/poster/63656,token space; multimodal understanding; vit vae; twins predict
"Structured, Scientific, Graph, Tabular, and Physical Systems",Condition-Aware Graph Flow Matching for Modeling the Distributions of Complex Physical Systems,Xiaochao Deng; Jie Chen; Xiaogang Deng,https://icml.cc/virtual/2026/poster/60502,flow matching; physical systems; condition-aware graph; graph flow
"Structured, Scientific, Graph, Tabular, and Physical Systems",CountsDiff: A diffusion model on the natural numbers for generation and imputation of count-based data,Renzo Soatto; Anders Hoel; Greycen Ren; Shorna Alam; Stephen Bates; Nikolaos Daskalakis; Caroline Uhler; Maria Skoularidou,https://icml.cc/virtual/2026/poster/62822,natural numbers; rna-seq imputation; countsdiff natural; numbers imputation
"Structured, Scientific, Graph, Tabular, and Physical Systems",Feature-aware (Hyper)graph Generation via Next-Scale Prediction,Dorian Gailhard; Enzo Tartaglione; Lirida Naviner; Jhony H. Giraldo,https://icml.cc/virtual/2026/poster/66707,feature-aware hyper; hyper graph; graph next-scale; next-scale prediction
"Structured, Scientific, Graph, Tabular, and Physical Systems",Flexibility-Aware Geometric Latent Diffusion for Full-Atom Peptide Design,Dongjiang Niu; Xiaofeng Wang; Zhiqiang Wei; Zhen Li,https://icml.cc/virtual/2026/poster/62058,full-atom peptide; sequence structure; flexibility-aware geometric; geometric latent
"Structured, Scientific, Graph, Tabular, and Physical Systems",Geometry-Aware Tabular Diffusion,David Zagardo,https://icml.cc/virtual/2026/poster/64706,geometry-aware tabular; tabular synthesis; error reduction; tabular tabular
"Structured, Scientific, Graph, Tabular, and Physical Systems",MAD: Manifold Attracted Diffusion,Dennis Elbrächter; Giovanni S. Alberti; Matteo Santacesaria,https://icml.cc/virtual/2026/poster/65569,mad manifold; manifold attracted; attracted score-based; score-based highly
"Structured, Scientific, Graph, Tabular, and Physical Systems",Mitigating Noise-Induced Layout Priors for Object Counting in Diffusion Models,Xiaoling Gu; Xuelong Li; Shengqi Wu; Yongkang Wong; wu; Huan Li; Zhou Yu; Mohan Kankanhalli,https://icml.cc/virtual/2026/poster/64469,layout formation; noise-induced layout; object counting; early-stage cross-attention
"Structured, Scientific, Graph, Tabular, and Physical Systems",Neural Dispersion on Graphs,Ryien Hosseini; Pouya Gholami; Filippo Simini; Venkatram Vishwanath; Rebecca Willett; Henry (Hank) Hoffmann,https://icml.cc/virtual/2026/poster/62727,diverse graphs; neural dispersion; dispersion graphs; graphs study
"Structured, Scientific, Graph, Tabular, and Physical Systems",Parameter Manifold Purification,Jiacong Hu; Jinxun Wu; Shengxuming Zhang; Shunyu Liu; Haofei Zhang; Mingli Song; Zunlei Feng,https://icml.cc/virtual/2026/poster/63819,parameter manifold; manifold purification; performance degradation; image denoising
"Structured, Scientific, Graph, Tabular, and Physical Systems",Physics-informed diffusion models in spectral space,Davide Gallon; Philippe von Wurstemberger; Patrick Cheridito; Arnulf Jentzen,https://icml.cc/virtual/2026/poster/61004,physics-informed spectral; spectral space; space methodology; methodology combines
"Structured, Scientific, Graph, Tabular, and Physical Systems",Primal-Spectral Generative Modeling: Fast Analytical Generation via Pseudoinverse Lévy Inversion,Zhiyuan Ouyang; Simei Huang; Zuokai Wen; Xiangyun Zhang; Junchi Yan,https://icml.cc/virtual/2026/poster/66180,fast analytical; pseudoinverse inversion; primal-spectral modeling; modeling fast
"Structured, Scientific, Graph, Tabular, and Physical Systems",Riemannian Diffusion Models on General Manifolds via Physics-Informed Neural Networks,Gyeonghoon Ko; Juho Lee,https://icml.cc/virtual/2026/poster/61422,heat kernel; physics-informed neural; manifold heat; riemannian general
"Structured, Scientific, Graph, Tabular, and Physical Systems",SE(3)-Equivariant Flow Matching with Gaussian Process Priors for Geometric Trajectory Prediction,Xuyang Wang; Xinzhe Zhou; Xiaoming Duan; Jianping He,https://icml.cc/virtual/2026/poster/65239,flow matching; trajectory prediction; equivariant flow; geometric trajectory
"Structured, Scientific, Graph, Tabular, and Physical Systems",Variational Bayesian Flow Network for Graph Generation,Yida Xiong; Jiameng Chen; Xiuwen Gong; Jia Wu; Shirui Pan; wenbin Hu,https://icml.cc/virtual/2026/poster/64460,node edge; bayesian flow; variational bayesian; flow network
"Evaluation, Safety, Fairness, Memorization, and Data Quality",Forget-It-All: Multi-Concept Machine Unlearning via Concept-Aware Neuron Masking,Kaiyuan Deng; Bo Hui; Gen Li; Jie Ji; Minghai Qin; Geng Yuan; Xiaolong Ma,https://icml.cc/virtual/2026/poster/65222,machine unlearning; multi-concept unlearning; target concept; forget-it-all multi-concept
"Evaluation, Safety, Fairness, Memorization, and Data Quality",GEPC: Group-Equivariant Posterior Consistency for Out-of-Distribution Detection in Diffusion Models,Rouzoumka Yadang Alexis; Jean Pinsolle; Eugénie TERREAUX; christele morisseau; Jean-Philippe Ovarlez; Chengfang Ren,https://icml.cc/virtual/2026/poster/63452,group-equivariant posterior; posterior consistency; score magnitude; interpretable equivariance-breaking
"Evaluation, Safety, Fairness, Memorization, and Data Quality",Localizing Memorized Regions in Diffusion Models via Coordinate-Wise Curvature Differences,Gwangho Kim; Sungyoon Lee,https://icml.cc/virtual/2026/poster/60745,localizing memorized; memorized regions; regions coordinate-wise; coordinate-wise curvature
"Evaluation, Safety, Fairness, Memorization, and Data Quality",Position: Universal Aesthetic Alignment Narrows Artistic Expression,Wenqi Guo; Qingyun Qian; Khalad Hasan; Shan Du,https://icml.cc/virtual/2026/poster/67242,position universal; universal aesthetic; aesthetic alignment; alignment narrows
"Evaluation, Safety, Fairness, Memorization, and Data Quality",Responsible Text-to-Image Diffusion: Interpretable and Linearly Controllable Semantics for Fair and Safe Generation,Sayedmoslem Shokrolahi; Jae-Mo Kang; Il-Min Kim,https://icml.cc/virtual/2026/poster/63546,interpretable linearly; linearly controllable; vit-based dms; t2i dms
"Evaluation, Safety, Fairness, Memorization, and Data Quality",Structured Diffusion Bridges: Inductive Bias for Denoising Diffusion Bridges,Eitan Kosman; Gabriele Serussi; Chaim Baskin,https://icml.cc/virtual/2026/poster/61719,modality translation; fully paired; structured inductive; inductive bias
"Evaluation, Safety, Fairness, Memorization, and Data Quality",VELR: Efficient Video Reward Feedback via Ensemble Latent Reward Models,Liyu Zhang; Kehan Li; Tao Zhou; Zeyi Huang; Chao LI; Jiming Chen,https://icml.cc/virtual/2026/poster/61749,video rms; video reward; reward feedback; ensemble latent
